sequence,proba
RIPAGTPVYLINRDENEKLYIVK,0
VVDHLGQTVFDDDLREGQLLTIPQ,0
STMRALPEDVLINAY,0
RIQNRDDQRGIIVTVEDELRVL,0
LQEDDSQRGIIV,0
VVRRTIEPNGLLLPQYSNAPQLVY,0
VRDDLEVSLPKPYLPR,0.002
ALAGRLSTMRALPEDVLINAY,0.002
DDLEVSLPKPYLPR,0.0025
QLSAERGALYSDAL,0.0025
SAIRAIPEEVLANAF,0.004
LQLSAERGALYSDAL,0.004
ALRGRAEVQVVDNF,0.007
RTIEPNGLLLPQYSNAPQLL,0.007333333
YLERFTERTELLRGIENYRVVIL,0.008333333
RTIEPNGLLLPQYSNAPQLVYIA,0.01
VVRRTIEPNGLLLPQYSNAPQLLY,0.01
LQEDDNRRGVIV,0.01
RLVALEPSNRIEAEAGVIE,0.010333333
NRDDQRGIIVTVEDELRVL,0.010333333
IYNDGESQLIVM,0.011666667
RIPAGTPVYLINRDENEKLYIV,0.013333333
SELIIDGEERIR,0.014166667
NIDNELAMRIQNRDDQRGIIV,0.014761905
RNALVAPHYNLNSHSVIY,0.015
WVNPRVPGIIEKPELENL,0.016
AGGEPRDGQSGQGGSR,0.016857143
AGGEPRDGQSGQGGSRQ,0.019357143
TERTELLRGIENYRVVIL,0.02
SLILPSYQPTPSLVYIEQGEGLL,0.02002381
GLLLPQYSNAPQLVYIA,0.023333333
NRDDQRGIIVTVEDELR,0.023666667
INRDENEKLYIVK,0.024
GVAHWIYNDGESQLIVM,0.024166667
KVRDDLEVSLPKPYLPR,0.025666667
SAIRALPEEVLAT,0.026111111
SAIRAIPEEVLAN,0.026111111
GRLSTMRALPEDVLIN,0.026666667
IQRRGLLLPSFSNAPRLVY,0.026666667
RWLQLSAERGALYSDAL,0.030333333
YLERFTERTELLR,0.030666667
LQEDDNRRGVIVK,0.030928571
ALAGRLSTMRALPEDVLIN,0.031666667
AIRAIPEEVLANAF,0.032857143
RAIPEEVLAN,0.035
LLPQYSNAPQLVYIA,0.035
SLILPSYQPTPSLVY,0.035333333
LVYIEQGEGLLGL,0.035833333
QSESSSQFR,0.035833333
VREIREGDVVAIPA,0.036111111
GRTSAIRAIPEEVLANAF,0.036333333
ELLEGKPLPGVL,0.036666667
TMRALPEDVLIN,0.037
GTPVYLINRDENEKLYIVK,0.038666667
RIEAEAGVIE,0.039857143
GLLLPSFSNAPRL,0.041119048
LQVVGENGQNVFDGEIR,0.041166667
GGSRQEERQEQR,0.041857143
IFIRRGEAKIGLIY,0.042
AIRALPEEVLATAF,0.042857143
IQNRDDQRGIIVT,0.044761905
YQPTPSLVYIEQGEGLLGL,0.045333333
EAFHGSGGEDPESFYRAF,0.045873016
GGEPRDGQSGQGGSR,0.04602381
AGRTSAIRALPEEVLAT,0.046761905
AGRTSAIRAIPEEVLAN,0.046761905
LLPSFSNAPRLV,0.04752381
LSAERGALYSDAL,0.047857143
GTPVYLINRDENEKLYIV,0.048214286
VVRRTIEPNGLLLPQYSNAPQLL,0.051111111
AIRAIPEEVLAN,0.051666667
AIRALPEEVLAT,0.051666667
VVRRTIEPNGLLLPQYSNAPQLV,0.053111111
RLQEDDNRRGVIV,0.053428571
SLILPSYQPTPSLV,0.056666667
ASQNENLRLLGF,0.059333333
RGIENFRVAIL,0.0595
GRTSAIRAIPEEVLAN,0.059761905
GRTSAIRALPEEVLAT,0.059761905
WLQLSAERGALYSDAL,0.061333333
GLLLPQYSNAPQLL,0.064166667
EDDSQRGIIV,0.064857143
SVPGHFEAFHGSGGEDPESFYRAF,0.065325397
SRDQHQKVREIREGDVVAIPA,0.066333333
SQNENLRLLGF,0.068083333
LLPSFSNAPRL,0.069440476
NIPDTIARRLQEDDNRRGVIVK,0.070095238
EDDNRRGVIVK,0.070928571
RPVSVPGHFEAFHGSGGEDPESF,0.075396825
SYNDGSNPVVAISL,0.075404762
GLLLPSFSNAPRLV,0.075952381
VVDNFGQTVFDDELREGQLL,0.081904762
SLILPSYQPTPSL,0.082190476
NRIEAEAGVIE,0.083190476
VALEPSNRIEAEAGVIE,0.085
SGGPISLKSERPSYSNQFGQFF,0.085952381
SQNENLRLLGFGIN,0.0865
TVNSHTLPVLRWLQ,0.088380952
MESYFVPTERQSRRG,0.089285714
SREFQQDRHQKIRHF,0.091166667
SFQRDRHQKIRHF,0.091444444
SHTLPVLRWLQ,0.094785714
SSGGPISLKSERPSYSNQFGQFF,0.095952381
RYIQLSAERGVLY,0.09597619
AVIDLSNHANQLDRRFRSFLL,0.097651515
TVNSHTLPVLRWL,0.098380952
SQNENLRLLGFGINGENNQRNFLA,0.0985
SIDPSESLGIGTF,0.1
QEDDSQRGIIV,0.102333333
AVIDLSNHANQLDRRFRSFLLA,0.102651515
ERKVRDDLEVSLPKPYLPR,0.102888889
QEDDNRRGVIVK,0.103285714
VALEPSNRIEAEAG,0.104
ELLRGIENYRVVIL,0.105428571
MLPHHKDAESVAVVTRGRATLTL,0.105833333
GQTVFDDDLREGQLL,0.11052381
GQTVFDDELREGQLL,0.11052381
YIQLSAERGVLY,0.11352381
SHTLPVLRWLQL,0.114547619
WEEPFGPVLPVIR,0.114583333
SRTGPLEFFGFTT,0.1205
IQLSAERGVLY,0.123718254
PGQFREYYAAGAKSPDQSYLRVF,0.125
VIDLSNHANQLDRRFRSFLL,0.131984848
SFQRDRHQKIR,0.135
GLLLPSFSNAPRLVY,0.135809524
GQTVFDDELREGQLLTIPQNF,0.135833333
LVPVSDVIRVR,0.136111111
QRDRHQKIR,0.140305556
SFLLAGGEPRDGQSGQGGSR,0.141357143
TVNSHTLPVLR,0.141952381
VINQDSNERLEMVKLLQPVNNPGQF,0.1425
RHGEPGQQQRGSSNNVFSGF,0.143746753
TERTELLRGIENY,0.148833333
TVNSHTLPVLRW,0.150047619
WSYNDGSNPVVAISL,0.150214286
KAGNQGFEWVAFKTNDNAKIN,0.151428571
IDNVEELLPIVY,0.152738095
SFQMSPREAQNLKHNRGHQSFLL,0.156666667
WIYNDGESQLIVM,0.1615
MLPHHKDAESVAVVTRGRATL,0.164
MAPHVNPTATEYGIVL,0.1665
RDENEKLYIVK,0.16877381
LLQPVNNPGQFREYYAA,0.172833333
SHTLPVLRWL,0.176369048
TVNSHTLPVLRWLQL,0.176380952
HGSGGEDPESFYRAF,0.176595238
FSNAPRLVYVVQ,0.177571429
REQRGSFQNIFSGF,0.182452381
MESYFVPTERQSRR,0.182785714
QSESSSQFRGE,0.184880952
LLQPVNNPGQFREYYAAGAK,0.190150794
TRRDQLEKLFGKQTQ,0.193333333
MTDNRVVYVLRGDARVQ,0.195929293
AVIDLSNHANQL,0.196730159
GVAHWIYNDGESQLIV,0.197404762
RLSRDQHQKVREIREGDVVAIPA,0.199166667
NDGESQLIVMIL,0.200095238
DGESQLIVMIL,0.203571429
EAFHGSGGEDPESF,0.206444444
SLILPSYQPTPS,0.208968254
ASQNENLRLL,0.21402381
LLQPVNNPGQFREYYAAGA,0.214833333
FLTLPDDEKRLW,0.216
DRRFRSFLLAGGEPRDGQSGQ,0.217341991
LLDTNNNANQLDQNPRNF,0.217571429
LQPVNNPGQFREYYAAGAK,0.218845238
EDDNRRGVIV,0.227428571
RHGEPGQQQRGSSNNVFSGFDAEFL,0.22797619
RNQDQEFFFPGPSRQPEEGG,0.227988095
RWLQLSAERGALY,0.228833333
NRDDQRGIIV,0.2335
HGSGGEDPESFYR,0.234238095
VYALRGRAEVQ,0.244087302
YLERFTERTELL,0.245166667
SWEVLEAAL,0.246047619
GVAHWSYNDGSNPVVAISL,0.250571429
AVIDLSNHANQLDRRFR,0.257234848
RLQEDDNRRGVIVK,0.258083333
TDNRVVYVLRGDARVQ,0.262087302
SDALYVPHWNL,0.262845238
RALPEDVLIN,0.264190476
SSDFERIILL,0.264912698
AVVTRGRATLTL,0.265650794
QMSPREAQNLKHNRGHQSFLL,0.266333333
ISLLDTNNNANQLDQNPRNF,0.270714286
AERGALYSDALYVPHWNLNAHSVVY,0.2735
NDGSNPVVAI,0.276841631
HWIYNDGESQLIV,0.278
GNLQVIRPRWSREEQELEDR,0.284166667
HWIYNDGESQLIVM,0.284821429
FDQQEQREGVIIR,0.2855
FFDQQEQREGVIIRA,0.294666667
IVDDNGDNVFDERVKRGDVY,0.294785714
ILRPVSVPGHFEAFHGSGGEDPESF,0.295285714
QEDDSQRGIIVR,0.298595238
VVGENGQNVFDGEIREGQAL,0.3005
ILYDTSNQANQLDENARRF,0.300738095
SLPEFSLPDLPY,0.30775
ERFTERTELLRGIENY,0.308
QEDDNRRGVIV,0.308595238
SQQSGSNIFSGFDEEFLADSF,0.309166667
ILRPVSVPGHFEAFHGSGGED,0.310690476
ALYSDALYVPHWNLNAH,0.313845238
FFDQQEQREGVIIRAS,0.314666667
VIDLSNHANQLDRRFRSF,0.316151515
SGDF,0.316555556
RERSQQSGSNIFSGFDEEFLADSF,0.317730159
EAFHGSGGED,0.321214286
RGLGNNVFSGFDADFL,0.32202381
LQPVNNPGQFREYYAA,0.322333333
LIDNVEELLPIVY,0.32547619
RIRHNLDTQTESDVF,0.326849206
HGSGGEDPESF,0.326952381
EANPQTFISPAHFDAELVVF,0.330015873
FIGGGKYPTSVLAGFERETLSNAF,0.3315
LQPVNNPGQFREYYAAGA,0.342333333
SDALYVPHWNLN,0.344333333
KLLQPVNNPGQF,0.349234127
HWSYNDGSNPVVAISL,0.350666667
AVIDLSNHANQLDRRFRSF,0.35438961
SDALYVPHWNLNAHSV,0.357642857
VVGENGQNVFDGEIRE,0.358904762
SDALYVPHWNLNAHSVVY,0.360511905
GIIDEVIDERPV,0.361452381
QSNHDQRRGIVRVEGNLQ,0.363166667
YLERFTERTELLRGIENY,0.3665
RSQQSGSNIFSGFDEEFLADSF,0.369396825
GSSNNVFSGFDAEFLADAF,0.37
GSFQNIFSGFSEELLAEAY,0.374444444
KAGNQGFEWVAFK,0.375642857
VVGENGQNVFDGEIREG,0.376809524
NIFSGFSEELLAE,0.379611111
QSFFIGGGKYPTSVLA,0.380404762
ALMDTTNNANQLDQNPRNF,0.383404762
NRDDQRGRIVL,0.384202381
SLFSGFSEELLAEAY,0.385253968
SAERGALYSDALYVPHWNLNAH,0.387166667
TFISPAHFDAELVVF,0.391714286
AERGALYSDALYVPHWNLNAH,0.392166667
ELLRGIENY,0.393142857
QVVGENGQNVFDGEIR,0.393833333
VVGENGQNVFDGEVR,0.394833333
NIFSGFSEELLAEAY,0.395253968
VVGENGQNVFDGEIR,0.398119048
EQRGSFQNIFSGFSEELLAEAY,0.399063492
SNHDQRRGIVR,0.400571429
ERFTERTELL,0.403071429
FSLPEFSLPDLPY,0.403083333
GVAHWSYNDGNEELVAF,0.40318254
SQNENLRLL,0.403380952
SFQNIFSGFSEELLAEAY,0.403611111
FREGDVIAFPA,0.4145
YDTSNQANQLDENARRF,0.414904762
LLAGGEPRDGQSGQ,0.418440476
AQEPGRRVESEAGLS,0.427761905
SLPEFSLPDLPYDY,0.429166667
QEPGRRVESEAGLS,0.434428571
GVAHWSYNDGNEELVAFA,0.434515873
GAAHWSYNDGNEELVAF,0.437468254
RVAILEANPQ,0.440047619
EPGRRVESEAGLS,0.441761905
GVAHWSYNDGSNPVVAIS,0.443071429
GVAHWSYNDGSNPVVAI,0.447238095
AHWSYNDGNEELVAF,0.449301587
SDALYVPHWNLNAH,0.44997619
NAQEPGRRVESEAGLS,0.450761905
SFFIGGGKYPTSVLA,0.451833333
NIVNEFEKEAKELAF,0.457452381
FNGFDEEFLAE,0.459833333
GFSEELLAEAY,0.467753968
FSNAPRLVY,0.471404762
HWSYNDGSNPVVAI,0.471904762
SFFIGGGKYPTSVL,0.472666667
GVAHWSYNDGSNPVVA,0.478571429
QSNHDQRRGIVRVE,0.479869048
EPSNRIEAEAGVIE,0.488738095
RVGFQSLFSGFSEELLAEAY,0.490654762
HWSYNDGNEELVAF,0.515134921
WTLDPAERDAFLA,0.516869048
YDTSNQANQLDENARRFYLA,0.5215
DGNEELVAF,0.521595238
QRGSSNNVFSGFDAEFL,0.522166667
REQRGSFQNIFSGFSEELLAEAY,0.529202381
FSLPDLPYDY,0.530642857
QSNHDQRRGIV,0.535916667
QRGSSNNVFSGFDAEFLAD,0.543452381
RGLGNNVFSGFDADF,0.547404762
SRTGPLEFFGF,0.55332684
QRGSSNNVFSGFDAEFLADAF,0.558619048
WSYNDGNEELVAF,0.567738095
SGFSEELLAEAY,0.569920635
SYNDGNEELVAF,0.570238095
GQQQRGLGNNVFSGFDADFLADAF,0.579678571
SGFSEELLAE,0.5805
GFDADFLADAF,0.5855
KAGNQGFEWVAF,0.587660173
QQRGLGNNVFSGFDADFLADAF,0.589678571
SGFDADFLADAF,0.594833333
HFREGDIIAFPA,0.604666667
VAPAGHPVAVIA,0.606642857
QRGLGNNVFSGFDADFLADAF,0.609678571
RGLGNNVFSGFDADFLAD,0.61425
HWSYNDGSNPVVA,0.614738095
HFREGDVIAFPA,0.617166667
RGLGNNVFSGFDADFLADAF,0.624916667
HFREGDVIAF,0.634380952
INRDENEKLY,0.640293651
RGSSNNVFSGFDAEFLADAF,0.642619048
HFDAELVVF,0.663892857
NIFSGFSEELLA,0.695202381
QRGLGNNVFSGF,0.709269841
VLFPGCPETF,0.714047619
YNDGSNPVVA,0.733285714
GVLFPGCPETF,0.75147619
VVGENGQNVF,0.75281746
QDF,0.799055556
DGF,0.814388889
SNDILVAAL,0.815416667
KAGNDGFEYV,0.819690476
RALR,0.823571429
RRAL,0.823571429
RFY,0.836595238
SLAQGLNPKCETADHGST,0.86477381
RMR,0.86618254
TLK,0.893972222
RFM,0.907202381
TAT,0.937809524
WFEL,0.95402381
RLG,0.960583333
PLR,0.963083333
EELL,0.968
VLDR,0.974198413
VVAR,0.976373016
SVLY,0.9775
VVT,0.978285714
VTV,0.978285714
VGA,0.98
VTM,0.98
LAF,0.988333333
VVY,0.989047619
EAAL,0.989333333
SGY,0.99
TVSA,0.99
TEVL,0.99
LTVN,0.99
LVLR,0.99
VLLR,0.99
QSF,0.990083333
WFL,0.995
RMFL,0.995
ELLW,0.996071429
FELL,0.996071429
PEVP,0.996666667
LVY,0.997142857
SSVL,0.998333333
LLA,1
VLVK,1
VNY,1
AVL,1
VTL,1
YLLL,1
YELL,1
VTN,1
VLLN,1
VVL,1
ELL,1
YVT,1
QLLA,1
LLL,1
VLL,1
PLLQ,1
QLAL,1
QLVL,1
RGLS,1
LVL,1
LTL,1
LSL,1
SFLL,1
SSSK,1
LLV,1
SVL,1
TLL,1
VELL,1
LLLL,1
VGLL,1
VLA,1
PVLL,1
LLDL,1
LLD,1
VLDL,1
LLAQ,1
AQL,1
LFL,1
VLTL,1
LVV,1
